Number,Gender,NameSet,Title,GivenName,MiddleInitial,Surname,StreetAddress,City,State,StateFull,ZipCode,Country,CountryFull,EmailAddress,Username,Password,BrowserUserAgent,TelephoneNumber,TelephoneCountryCode,MothersMaiden,Birthday,Age,TropicalZodiac,CCType,CCNumber,CVV2,CCExpires,NationalID,UPS,WesternUnionMTCN,MoneyGramMTCN,Color,Occupation,Company,Vehicle,Domain,BloodType,Pounds,Kilograms,FeetInches,Centimeters,GUID,Latitude,Longitude
1,male,American,Mr.,Jaime,S,Lewis,"1006 Irving Place","New York",NY,"New York",10011,US,"United States",JaimeSLewis@gustr.com,Sherack,Eiphoov4ie,"Mozilla/5.0 (Windows NT 6.1; Win64; x64) AppleWebKit/537.36 (KHTML, like Gecko) Chrome/68.0.3440.106 Safari/537.36",631-995-4182,1,Coggins,1/7/1993,25,Capricorn,MasterCard,5552418361645315,722,5/2020,060-84-8320,"1Z 053 4W8 75 8857 741 9",9392980360,47482604,Red,"Extruding and drawing machine setters","The Original House of Pies","2002 Honda Legend",tyokuad.com,A+,194.9,88.6,"5' 9""",176,53cfc97b-b122-45ed-8797-6f9055a4e270,40.70326,-74.081144
2,female,American,Ms.,Susan,C,York,"3006 New Street","Coos Bay",OR,Oregon,97420,US,"United States",SusanCYork@gustr.com,Prifid,aHiex8qu,"Mozilla/5.0 (Windows NT 10.0; Win64; x64) AppleWebKit/537.36 (KHTML, like Gecko) Chrome/68.0.3440.106 Safari/537.36",541-290-4088,1,Sano,1/24/1940,78,Aquarius,MasterCard,5241417571124365,804,4/2020,542-11-1950,"1Z 270 305 21 6456 203 9",2497151144,60019180,Blue,"Counter clerk","Children's Palace","1994 Opel Frontera",enocharden.com,A+,208.3,94.7,"5' 4""",163,f40939e4-b226-458d-88f7-5e2aa4c2e189,43.349339,-124.128803
3,male,American,Mr.,Merlin,W,Still,"1362 Drummond Street",Newark,NJ,"New Jersey",07102,US,"United States",MerlinWStill@dayrep.com,Nufforabing,phooZ5sien0,"Mozilla/5.0 (Windows NT 10.0; Win64; x64) AppleWebKit/537.36 (KHTML, like Gecko) Chrome/68.0.3440.106 Safari/537.36",973-210-7301,1,Milam,10/27/1977,40,Scorpio,MasterCard,5175388070824229,336,8/2019,136-06-4962,"1Z 741 4F7 46 6759 626 4",7197926011,89637316,Blue,"Cafeteria cook","Mighty Casey's","2007 SSC Ultimate Aero",hardvssoft.com,O+,230.3,104.7,"5' 8""",173,17d573bf-1013-48df-a4e3-8a94dd6f0fd4,40.686694,-74.075363
4,male,American,Mr.,Stephen,B,Crawford,"2314 Lost Creek Road","Sinking Spring",PA,Pennsylvania,19608,US,"United States",StephenBCrawford@cuvox.de,Orameffees,goov8Ba6yoh,"Mozilla/5.0 (Windows NT 6.1; Win64; x64) AppleWebKit/537.36 (KHTML, like Gecko) Chrome/69.0.3497.100 Safari/537.36",610-927-5477,1,Wilson,4/9/1946,72,Aries,Visa,4556425411585937,842,12/2021,209-74-8926,"1Z 841 A08 17 1315 976 4",2903629210,96647954,Blue,Estimator,"Life's Gold","2009 Dodge Durango",themaineboxes.com,O-,149.8,68.1,"5' 7""",170,711c22a1-cbda-4a41-bd17-30360d999d76,40.405588,-76.040779
5,female,American,Ms.,Cecile,R,Clark,"531 Duncan Avenue","New York",NY,"New York",10019,US,"United States",CecileRClark@jourrapide.com,Thaverom,ohGooy2Iu,"Mozilla/5.0 (Macintosh; Intel Mac OS X 10_13_6) AppleWebKit/537.36 (KHTML, like Gecko) Chrome/68.0.3440.106 Safari/537.36",917-527-0873,1,Case,7/21/1978,40,Cancer,MasterCard,5103629237563557,486,9/2021,053-90-5082,"1Z 248 E29 81 8124 294 7",3881128858,89496378,Blue,"Department manager",Gantos,"2008 Rolls-Royce Phantom Drophead Coupe",xepjozx.com,O+,132.2,60.1,"5' 3""",159,2f787f6c-94c8-428f-80de-2d7e6d49aec2,40.788328,-74.081889
6,female,American,Mrs.,Jane,T,Ramsey,"3458 Elkview Drive","West Palm Beach",FL,Florida,33401,US,"United States",JaneTRamsey@jourrapide.com,Beill1934,pheex8Eenae,"Mozilla/5.0 (Windows NT 10.0; Win64; x64) AppleWebKit/537.36 (KHTML, like Gecko) Chrome/68.0.3440.106 Safari/537.36",772-453-0452,1,Erwin,11/23/1934,83,Sagittarius,Visa,4556319149448452,780,2/2023,769-10-3466,"1Z 593 E66 19 9368 710 3",7159863193,22710122,Blue,"Staffing manager","National Record Mart","2011 Daewoo Tocsa",autobooker.com,B+,152.7,69.4,"5' 5""",164,b03384ce-847a-456f-8aff-7d8772a972a5,26.789772,-80.139128
7,male,American,Mr.,Robert,D,Morrell,"3840 Kovar Road",Worcester,MA,Massachusetts,01608,US,"United States",RobertDMorrell@fleckens.hu,Entracleas,OequooP2,"Mozilla/5.0 (iPad; CPU OS 11_4_1 like Mac OS X) AppleWebKit/605.1.15 (KHTML, like Gecko) Version/11.0 Mobile/15E148 Safari/604.1",508-571-5271,1,Akers,4/2/1975,43,Aries,MasterCard,5323555554965022,680,5/2021,027-38-2807,"1Z 836 017 33 4015 422 9",4359960611,99756103,Blue,Poet,"Happy Family","2002 Honda Odyssey",alesayitrade.com,A+,195.1,88.7,"6' 0""",183,6e86d3b0-f547-4f19-a26f-7a3f2e306fdd,42.216173,-71.76487
8,female,American,Ms.,Mary,J,Chairez,"1331 Williams Mine Road",Westfield,NJ,"New Jersey",07090,US,"United States",MaryJChairez@fleckens.hu,Haltoorroust,Vo8engiQu,"Mozilla/5.0 (Windows NT 6.3; Win64; x64; rv:61.0) Gecko/20100101 Firefox/61.0",908-317-1299,1,Duncan,9/2/1934,84,Virgo,MasterCard,5196849743143003,904,4/2019,151-12-8989,"1Z 759 687 73 0130 602 9",6035400680,40867599,Green,"Range scientist",Titania,"2005 GAZ 3110",anaandreas.com,O+,185.7,84.4,"5' 2""",157,6952b0fb-ddf7-4c00-a19f-e266fbe3e623,40.599787,-74.276346
9,male,American,Mr.,Lenny,H,Ferguson,"1677 Bates Brothers Road",Columbus,OH,Ohio,43205,US,"United States",LennyHFerguson@fleckens.hu,Thisere,Gaejiute4n,"Mozilla/5.0 (Macintosh; Intel Mac OS X 10_14) AppleWebKit/605.1.15 (KHTML, like Gecko) Version/12.0 Safari/605.1.15",614-258-9071,1,Booth,3/22/1944,74,Aries,Visa,4716658733008215,993,3/2022,296-78-0323,"1Z E79 Y20 13 5214 881 2",5932528143,84101569,Red,"School and college counselor",Capitalcorp,"2009 SsangYong Rodius",speedscr.com,A+,216.9,98.6,"5' 5""",165,7de4a65b-48ef-475c-951e-e845b570cab3,39.910788,-82.939316
10,male,American,Mr.,Bryan,B,Brown,"3427 Sycamore Fork Road",Hopkins,MN,Minnesota,55343,US,"United States",BryanBBrown@armyspy.com,Brions1951,ye5ait0Uquae,"Mozilla/5.0 (Macintosh; Intel Mac OS X 10_13_6) AppleWebKit/605.1.15 (KHTML, like Gecko) Version/12.0 Safari/605.1.15",952-979-7738,1,Lewis,10/22/1951,66,Libra,MasterCard,5131622825063409,640,1/2021,475-88-2233,"1Z 2Y7 5W1 92 3846 909 5",7865626709,35799882,Blue,"Social work policy maker","Envirotecture Design Service","2005 Toyota Highlander",bigbowlfish.com,O+,215.8,98.1,"5' 5""",165,4b772baf-69cf-4ff3-bf64-2011037b14c9,44.893948,-93.456077
11,male,American,Mr.,Allen,M,Foltz,"2643 Heron Way",Portland,OR,Oregon,97205,US,"United States",AllenMFoltz@jourrapide.com,Musur1941,thailoth0V,"Mozilla/5.0 (Windows NT 6.1; Win64; x64; rv:62.0) Gecko/20100101 Firefox/62.0",503-866-1242,1,Wilbanks,10/22/1941,76,Libra,Visa,4916952559767295,925,1/2022,543-02-9022,"1Z 253 A79 13 7002 833 2",3530093166,07088489,Blue,"Engine and other machine assembler","House of Gas","1999 Acura TL",firstphysics.com,A+,130.5,59.3,"5' 4""",163,a7a5d03c-539a-427d-a619-b24849db4a53,45.5394,-122.685851
12,female,American,Ms.,Alyssa,J,Burks,"1720 Wexford Way","Rock Hill",SC,"South Carolina",29730,US,"United States",AlyssaJBurks@gustr.com,Knowarand,EeP3yie0k,"Mozilla/5.0 (Windows NT 6.3; Win64; x64) AppleWebKit/537.36 (KHTML, like Gecko) Chrome/68.0.3440.106 Safari/537.36",803-372-5173,1,Fontana,4/30/1948,70,Taurus,Visa,4539753364412904,230,11/2021,655-09-9480,"1Z F20 239 43 5132 515 6",8222871683,21861778,Blue,"Aircraft rigging assembler","Enrich Garden Services","2001 Dodge Neon",angrydl.com,B+,145.9,66.3,"5' 7""",170,7c17b12e-4bd7-464c-bb26-507b478881c3,34.89141,-80.950024
13,female,American,Mrs.,Sondra,J,Greenleaf,"593 Bolman Court",Baylis,IL,Illinois,62314,US,"United States",SondraJGreenleaf@dayrep.com,Cruldempan,oom1EeWae,"Mozilla/5.0 (Windows NT 10.0; Win64; x64) AppleWebKit/537.36 (KHTML, like Gecko) Chrome/69.0.3497.100 Safari/537.36",217-336-5775,1,Walters,9/3/1958,60,Virgo,Visa,4485509616697534,192,11/2022,359-22-3698,"1Z 5W5 763 03 5939 835 3",5178750101,43239695,Red,"Line repairer","Price Club","1994 Citroen Xanae",dunwoodybank.com,B+,226.4,102.9,"5' 1""",154,3b5081be-9545-4dc4-8b79-9925886fe14b,39.687872,-90.932717
14,male,American,Mr.,Gregg,G,Taylor,"1917 Liberty Street",Dallas,TX,Texas,75201,US,"United States",GreggGTaylor@teleworm.us,Amituchens73,roNgu8vu0,"Mozilla/5.0 (Windows NT 6.1; Win64; x64) AppleWebKit/537.36 (KHTML, like Gecko) Chrome/68.0.3440.106 Safari/537.36",214-880-8319,1,Ruhl,2/21/1973,45,Pisces,MasterCard,5495774381318709,859,7/2023,642-26-8935,"1Z 933 A71 95 1357 842 1",6131319026,69378286,Blue,"Principal secretary","Megatronic Plus","2005 Alpina Roadster",lowcostkithouse.com,B+,191.4,87.0,"5' 9""",175,8946252d-0d2f-4bd0-9036-9dc8b2216f5e,32.803154,-96.740083
15,female,American,Mrs.,Doris,R,Jones,"1150 Echo Lane","Grand Rapids",MI,Michigan,49508,US,"United States",DorisRJones@rhyta.com,Thisione,oChei5iboNg,"Mozilla/5.0 (Windows NT 6.3; Win64; x64) AppleWebKit/537.36 (KHTML, like Gecko) Chrome/68.0.3440.106 Safari/537.36",269-740-3361,1,Wansley,8/5/1982,36,Leo,Visa,4716112579064635,652,7/2022,379-08-4654,"1Z 294 336 85 4383 926 2",3404319067,11912503,Brown,"Clinical dietitian",ManCharm,"1998 BMW Pickster",hannagolf.com,O+,214.7,97.6,"5' 1""",155,9483a3c0-a454-41f7-8de0-43cdfda1e241,42.870127,-85.594375
16,female,American,Mrs.,Veronica,J,Fisher,"4237 Barnes Street",Orlando,FL,Florida,32801,US,"United States",VeronicaJFisher@rhyta.com,Twombat,Ohgh8bah,"Mozilla/5.0 (Macintosh; Intel Mac OS X 10.13; rv:61.0) Gecko/20100101 Firefox/61.0",407-304-1440,1,Dean,12/22/1937,80,Capricorn,Visa,4556488468117830,467,10/2022,590-14-5869,"1Z 798 529 68 5901 865 8",0373094291,38212588,Blue,"Crushing, grinding, and polishing machine operator",Protean,"2012 BMW 328",shahinazbakir.com,AB+,161.9,73.6,"5' 4""",163,14711fe9-f169-4e93-ba22-0e3b61621103,28.502304,-81.363364
17,male,American,Mr.,Kevin,A,Thompson,"1585 Frosty Lane",Endicott,NY,"New York",13760,US,"United States",KevinAThompson@gustr.com,Uponeet,Oof2XahH2Uing,"Mozilla/5.0 (Macintosh; Intel Mac OS X 10_13_6) AppleWebKit/537.36 (KHTML, like Gecko) Chrome/69.0.3497.92 Safari/537.36",607-752-6411,1,Duncan,2/23/1987,31,Pisces,Visa,4929492576334865,491,9/2019,105-22-9837,"1Z 661 512 56 5550 159 7",5370013853,69862891,Green,"Criminal lawyer","Copeland Sports","2005 Toyota Celica",wwcwebdesign.com,AB+,244.9,111.3,"5' 7""",170,23685672-45fb-40f9-b16e-02fa9c207dd6,42.081949,-76.144253
18,male,American,Mr.,Johnny,M,Cassady,"816 Woodland Terrace","Fair Oaks",CA,California,95628,US,"United States",JohnnyMCassady@einrot.com,Lovent,Aegh7eiCa1g,"Mozilla/5.0 (Windows NT 6.1; Win64; x64; rv:62.0) Gecko/20100101 Firefox/62.0",916-852-3973,1,Pinkham,7/19/1968,50,Cancer,MasterCard,5548533321080440,422,11/2022,562-76-2872,"1Z 25E 50W 11 6631 471 2",7027215608,34668134,Green,"Title searcher","Rite Solution","2006 Smart ForFour",vgsusa.com,O+,174.0,79.1,"5' 10""",178,afdadbc0-c02a-4ee9-a64f-fb27b9729f45,38.584198,-121.253817
19,female,American,Mrs.,Mary,R,Vallery,"4402 Timber Ridge Road","Rancho Cordova",CA,California,95742,US,"United States",MaryRVallery@rhyta.com,Huser1978,maVai0oola,"Mozilla/5.0 (Windows NT 10.0; Win64; x64; rv:61.0) Gecko/20100101 Firefox/61.0",916-826-2693,1,Santiago,4/29/1978,40,Taurus,MasterCard,5304335266288978,103,2/2020,620-60-2935,"1Z 719 947 60 2210 182 0",2117886897,16723663,Yellow,"Museum director",Jacobs,"2010 Toyota Venza",azullandcorp.com,A+,154.4,70.2,"5' 3""",159,7663e271-2d21-428c-a23a-892cb458881e,38.60329,-121.143813
20,female,American,Ms.,Leah,M,Marciniak,"2385 Quarry Drive","New Brockton",AL,Alabama,36351,US,"United States",LeahMMarciniak@teleworm.us,Ainal1954,ma8Aephu,"Mozilla/5.0 (Macintosh; Intel Mac OS X 10_13_6) AppleWebKit/605.1.15 (KHTML, like Gecko) Version/11.1.2 Safari/605.1.15",334-894-8498,1,Emmons,4/12/1954,64,Aries,Visa,4539563674362305,620,3/2023,418-50-9918,"1Z 269 836 34 7276 120 7",1176816136,44611591,Blue,"Unclaimed property officer","Strategy Consulting","1999 Vauxhall Omega",utrechtbrand.com,O+,196.5,89.3,"5' 7""",170,cc2fe367-3b50-4d8c-8101-a5f77840cca1,31.409672,-85.963953
21,male,American,Mr.,John,C,Smith,"3244 Aspen Court",Boston,MA,Massachusetts,02107,US,"United States",JohnCSmith@jourrapide.com,Ladjecamis,shohShig4oo,"Mozilla/5.0 (Windows NT 10.0; Win64; x64; rv:62.0) Gecko/20100101 Firefox/62.0",617-342-9165,1,Robertson,6/5/1988,30,Gemini,MasterCard,5268309723362993,404,10/2020,022-12-7029,"1Z W03 430 23 1089 701 5",7182371770,60137685,Blue,Host,"Shoe Kicks","2002 Kia Rio",beachcleanse.com,O+,156.4,71.1,"5' 6""",168,90080c7b-10fe-4181-b195-f4ca32326fbc,42.30144,-71.068981
22,male,American,Mr.,Joseph,T,Kenna,"4085 Ripple Street",Saginaw,MI,Michigan,48607,US,"United States",JosephTKenna@superrito.com,Ficip1939,quaimo7Woy,"Mozilla/5.0 (Macintosh; Intel Mac OS X 10_13_6) AppleWebKit/605.1.15 (KHTML, like Gecko) Version/11.1.2 Safari/605.1.15",989-757-0674,1,Apodaca,4/18/1939,79,Aries,MasterCard,5411106968157880,315,9/2023,377-10-4730,"1Z F69 175 54 6550 259 6",4550502677,11925889,Blue,Geologist,Janeville,"2012 Cadillac CTS-V",inveniri.com,B+,203.1,92.3,"5' 5""",166,4dbaf8dc-5840-4550-bf53-5374920f083e,43.35998,-83.893474
23,male,American,Mr.,Fred,A,Tetrault,"2308 Perine Street",Alexandria,VA,Virginia,22370,US,"United States",FredATetrault@jourrapide.com,Monely1953,Vohtaet8ei,"Mozilla/5.0 (Windows NT 10.0; Win64; x64) AppleWebKit/537.36 (KHTML, like Gecko) Chrome/64.0.3282.140 Safari/537.36 Edge/17.17134",703-805-4506,1,Falkner,12/5/1953,64,Sagittarius,MasterCard,5208271205374305,310,8/2019,698-03-8284,"1Z W81 754 20 5867 597 3",5336146005,94392436,Green,"Air Force","Webcom Business Services","1999 Ford Expedition",yourlistsoftdds.com,B+,233.4,106.1,"5' 9""",176,e8b34d57-df0f-4c66-a884-973b7f729bd4,38.724046,-77.17935
24,female,American,Mrs.,Miranda,W,Homan,"3384 Lindale Avenue",Berkeley,CA,California,94704,US,"United States",MirandaWHoman@fleckens.hu,Tradveraft,afie1ahL1lon,"Mozilla/5.0 (Macintosh; Intel Mac OS X 10_13_6) AppleWebKit/537.36 (KHTML, like Gecko) Chrome/68.0.3440.106 Safari/537.36",510-495-5102,1,Combs,5/6/1983,35,Taurus,Visa,4929260972746218,215,11/2021,566-99-0348,"1Z 53V 312 37 2246 343 6",8092393772,09096192,Purple,Teller,"Freedom Map","2004 Avanti Studebaker",monogramlv.com,B+,173.4,78.8,"5' 2""",157,100b308d-8aa9-49f3-8501-e26c2174ac3b,37.96222,-122.218303
25,female,American,Ms.,Deborah,D,Gallo,"296 Railroad Street",Marquette,MI,Michigan,49855,US,"United States",DeborahDGallo@fleckens.hu,Madever,ohx2keHoo6oo,"Mozilla/5.0 (Windows NT 10.0; Win64; x64) AppleWebKit/537.36 (KHTML, like Gecko) Chrome/68.0.3440.106 Safari/537.36",906-215-6104,1,Caskey,8/31/1995,23,Virgo,Visa,4485465415756148,819,5/2020,375-15-8732,"1Z 852 039 73 5647 503 5",7338876710,84613584,Silver,"Athletic director","Wealth Zone Group","2007 Opel Signum",pbbd.com,O+,212.3,96.5,"5' 1""",156,8e2a25a8-c291-4d9d-ace3-05f00e7157d9,46.604104,-87.557144
26,female,American,Ms.,Susan,V,Rahm,"218 Murphy Court",Riverside,CA,California,92501,US,"United States",SusanVRahm@cuvox.de,Yestanters,zae4Shie0t,"Mozilla/5.0 (Macintosh; Intel Mac OS X 10_13_6) AppleWebKit/537.36 (KHTML, like Gecko) Chrome/68.0.3440.106 Safari/537.36",951-786-3332,1,Marshall,12/3/1934,83,Sagittarius,MasterCard,5151470241582635,406,12/2023,546-83-8581,"1Z 17Y 0V7 99 9507 120 1",3322889874,04225583,Green,"Computer and information systems manager","Forest City","1994 Toyota Celica",horistic.com,O+,207.7,94.4,"5' 2""",157,566a9e44-fc40-4495-8e17-f548ab59003b,33.978529,-117.323449
27,female,American,Ms.,Barbara,T,Mata,"4673 Private Lane",Albany,GA,Georgia,31707,US,"United States",BarbaraTMata@rhyta.com,Thaton,ich3ieroL,"Mozilla/5.0 (Windows NT 10.0; Win64; x64) AppleWebKit/537.36 (KHTML, like Gecko) Chrome/69.0.3497.100 Safari/537.36",229-296-9719,1,Kane,10/1/1985,32,Libra,MasterCard,5366935339689519,265,9/2023,256-56-0775,"1Z 306 995 38 5709 970 4",6303104418,93755142,Red,"Food and beverage serving and related worker","Robert Hall","2015 Kia Soul",nowllctraining.com,A+,171.6,78.0,"5' 7""",171,153cd87b-e888-42a7-b99a-002d0857636c,31.54628,-84.298702
28,female,American,Ms.,Bonnie,J,Marks,"4958 Eagle Street",Centralia,IL,Illinois,62801,US,"United States",BonnieJMarks@cuvox.de,Thersocce,Aiph6OhWiequ,"Mozilla/5.0 (Windows NT 6.1; Win64; x64; rv:61.0) Gecko/20100101 Firefox/61.0",618-339-7367,1,Campbell,8/31/1972,46,Virgo,Visa,4929077425239975,016,11/2019,335-54-4378,"1Z 071 994 44 4305 907 1",0852115373,59637540,Green,"Promotions specialist","Block Distributors","2009 Lincoln Town Car",codillc.com,O+,228.4,103.8,"5' 5""",164,9c67960d-e89f-43c8-8389-f1e6e5ea49be,38.435316,-89.137367
29,female,American,Mrs.,Beverly,P,Nott,"3704 Pinchelone Street",Norfolk,VA,Virginia,23502,US,"United States",BeverlyPNott@armyspy.com,Hornou,ahzeB2cee,"Mozilla/5.0 (Windows NT 10.0; Win64; x64) AppleWebKit/537.36 (KHTML, like Gecko) Chrome/68.0.3440.106 Safari/537.36",757-337-6032,1,Landers,9/22/1982,36,Virgo,MasterCard,5528411900801789,668,10/2021,227-79-4264,"1Z 585 596 97 8939 969 3",2930278014,29895137,Green,"Locker room attendant","John Plain","2007 Volkswagen Kombi",seguridadmatrix.com,O+,161.5,73.4,"5' 1""",156,e39f492d-8aff-4173-a5fd-b1636f24b0b8,36.783636,-76.171925
30,female,American,Ms.,Lorraine,J,Witt,"4934 Eden Drive","Thousand Oaks",CA,California,91362,US,"United States",LorraineJWitt@fleckens.hu,Himmenting,ooG0oleigh,"Mozilla/5.0 (Windows NT 10.0; Win64; x64) AppleWebKit/537.36 (KHTML, like Gecko) Chrome/69.0.3497.100 Safari/537.36",805-229-6277,1,Tollison,8/29/1993,25,Virgo,MasterCard,5523428580304400,457,12/2021,567-51-9860,"1Z 155 5F2 58 6701 817 6",0570600307,28684297,Green,"Recruiting manager",Monmax,"2009 Audi A3",ariesgroupasia.com,B+,107.4,48.8,"5' 5""",164,af9c633b-cd05-430a-985f-e09344329c4f,34.14186,-118.76513
31,male,American,Mr.,James,C,Pelzer,"4983 Emma Street",Pampa,TX,Texas,79065,US,"United States",JamesCPelzer@gustr.com,Balairat,eiPh0ahlei,"Mozilla/5.0 (Macintosh; Intel Mac OS X 10_13_6) AppleWebKit/537.36 (KHTML, like Gecko) Chrome/69.0.3497.92 Safari/537.36",806-886-9356,1,Scott,5/7/1950,68,Taurus,Visa,4929146280784266,039,1/2021,456-38-9922,"1Z 856 944 05 0730 872 2",3513779868,65372614,Blue,Stonemason,Strongbod,"2012 Fiat Idea",pgplastic.com,O+,189.0,85.9,"5' 7""",170,214e4f2c-13ae-4d52-bcc3-3ce1951f94f9,35.532357,-100.813157
32,female,American,Mrs.,Malinda,S,Tighe,"127 Beechwood Drive",Columbia,MD,Maryland,21044,US,"United States",MalindaSTighe@teleworm.us,Artand,The1eocep,"Mozilla/5.0 (X11; Ubuntu; Linux x86_64; rv:62.0) Gecko/20100101 Firefox/62.0",410-997-8184,1,Harrison,3/6/1954,64,Pisces,Visa,4485867711161750,192,6/2022,212-02-9855,"1Z 073 239 15 1671 473 6",5891611394,97930803,Black,"Tree planter","Electronic Geek","2015 Buick Regal",byebyemagnets.com,A+,150.7,68.5,"5' 5""",165,66110bd9-053a-4982-888b-5181382cb309,39.188697,-76.861337
33,male,American,Dr.,Fred,L,Edmondson,"2876 Ashford Drive",Arlington,VA,Virginia,22206,US,"United States",FredLEdmondson@gustr.com,Gostain,PahyaiM2Ua,"Mozilla/5.0 (Windows NT 10.0; Win64; x64) AppleWebKit/537.36 (KHTML, like Gecko) Chrome/69.0.3497.100 Safari/537.36",703-671-6634,1,Reed,6/26/1961,57,Cancer,MasterCard,5151889777457633,981,1/2019,695-03-5621,"1Z A18 40W 61 4071 724 0",3871630402,19046118,Blue,"Steadicam operator","Independent Wealth Management","2012 Mazda 3",zorkha.com,O+,211.9,96.3,"6' 0""",183,c196f863-1f2f-4db3-8558-671db8f923ef,38.756172,-77.038309
34,female,American,Ms.,Virginia,A,Elliot,"18 Boone Street","Corpus Christi",TX,Texas,78476,US,"United States",VirginiaAElliot@cuvox.de,Tionot,Ohb0ue5ooSu,"Mozilla/5.0 (Windows NT 10.0; Win64; x64) AppleWebKit/537.36 (KHTML, like Gecko) Chrome/68.0.3440.106 Safari/537.36",361-228-2710,1,McCoy,4/3/1998,20,Aries,MasterCard,5105073072480361,601,6/2023,641-02-8672,"1Z 119 053 19 7562 732 7",4745413153,70671067,Orange,"Keypunch technician","Grey Fade","2015 BMW X5",bitfearytown.com,O-,105.6,48.0,"5' 4""",163,189036cd-0f44-4062-91d0-876e19b8d98f,27.818856,-97.432932
35,female,American,Ms.,Betty,R,Nagao,"1638 Windy Ridge Road","Fort Wayne",IN,Indiana,46835,US,"United States",BettyRNagao@superrito.com,Paing1995,Quei2Ood8ahs,"Mozilla/5.0 (X11; Ubuntu; Linux x86_64; rv:62.0) Gecko/20100101 Firefox/62.0",260-486-5628,1,Green,2/5/1995,23,Aquarius,MasterCard,5516840855274945,009,9/2020,315-62-2430,"1Z 035 444 13 2574 346 1",5966176954,45747826,Orange,"Land surveyor",Fireball,"1992 Innocenti Koral",thinakarannews.com,B-,107.6,48.9,"5' 9""",174,26ad1f87-b7b2-4363-b625-cba03cddd71d,41.18187,-85.126083
36,male,American,Mr.,Derek,M,Hansen,"1442 Stark Hollow Road",Denver,CO,Colorado,80203,US,"United States",DerekMHansen@armyspy.com,Lontoll1989,Ooch5Aiph,"Mozilla/5.0 (Macintosh; Intel Mac OS X 10_13_6) AppleWebKit/605.1.15 (KHTML, like Gecko) Version/11.1.2 Safari/605.1.15",970-744-5373,1,Clawson,10/15/1989,28,Libra,Visa,4716844378950768,005,2/2022,653-03-4443,"1Z 999 882 86 9403 283 4",7533945385,46374354,Blue,"Employment assistant","Shabby Chic","2000 Hyundai Dynasty",NailHygiene.com,A+,136.4,62.0,"5' 7""",170,a4be3215-3819-4f8f-a591-1a4f7a92be91,39.695619,-104.912933
37,female,American,Mrs.,Sylvia,J,Soto,"3425 Don Jackson Lane",Honolulu,HI,Hawaii,96826,US,"United States",SylviaJSoto@armyspy.com,Ravera1938,ahli3Uuphou,"Mozilla/5.0 (Windows NT 6.1; Win64; x64) AppleWebKit/537.36 (KHTML, like Gecko) Chrome/68.0.3440.106 Safari/537.36",808-949-2114,1,McAvoy,12/21/1938,79,Sagittarius,MasterCard,5570904836627606,513,1/2019,750-03-1440,"1Z 730 Y44 43 0761 982 2",7752446285,47773214,Blue,"Perianesthesia nurse","Purity Supreme","2006 Holden Caprice",expensesummary.com,O+,116.4,52.9,"5' 2""",158,8c96a643-38b1-4e8b-94be-21ac97da2d0c,21.319733,-157.847259
38,male,American,Mr.,David,P,Tucker,"3141 Feathers Hooves Drive","New York",NY,"New York",10013,US,"United States",DavidPTucker@einrot.com,Holifect1944,zieghai9Ei,"Mozilla/5.0 (Windows NT 10.0; Win64; x64; rv:60.0) Gecko/20100101 Firefox/60.0",631-714-1868,1,Taylor,3/25/1944,74,Aries,Visa,4539606534845769,352,5/2021,125-22-1226,"1Z 301 F70 26 7041 969 1",6633048192,61176103,Blue,"Central office installer","Sofa Express","1995 Renault Sport Spider",moorheads.com,O+,228.6,103.9,"5' 6""",167,97e00c93-ade1-415f-acc9-ed59ab616653,40.680138,-74.028629
39,female,American,Mrs.,Karen,J,Schindler,"333 Hemlock Lane",Mcallen,TX,Texas,78501,US,"United States",KarenJSchindler@einrot.com,Kenterefored,ceeQu2HieVa,"Mozilla/5.0 (Windows NT 10.0; Win64; x64) AppleWebKit/537.36 (KHTML, like Gecko) Chrome/69.0.3497.100 Safari/537.36",956-455-8126,1,Smith,6/12/1984,34,Gemini,MasterCard,5360317650168496,860,9/2021,464-34-9455,"1Z 06F 765 10 4620 028 2",5912774140,19645634,Blue,"Oral surgeon","Ernst Home Centers","2008 Opel Corsa",WirelessTacoma.com,B+,130.5,59.3,"5' 5""",164,b06922e5-7c9f-4d8b-a977-d12d767360cb,26.123064,-98.329138
40,female,American,Ms.,Lucille,H,Finkle,"2486 Davis Avenue","San Francisco",CA,California,94103,US,"United States",LucilleHFinkle@armyspy.com,Hishich,Mo9oor0Ahlae,"Mozilla/5.0 (Macintosh; Intel Mac OS X 10_13_6) AppleWebKit/605.1.15 (KHTML, like Gecko) Version/11.1.2 Safari/605.1.15",707-667-2303,1,Massie,6/25/1989,29,Cancer,MasterCard,5526328237973077,896,11/2023,549-23-6655,"1Z 033 184 48 7074 195 0",9686963148,48222916,Black,"Railroad engineer","Laura Ashley","2001 Mitsubishi Minica",hzezwwz.com,B+,131.8,59.9,"5' 5""",165,2d9e0c2f-cad6-4c58-8338-2fed38f53215,37.833084,-122.385151
41,female,American,Ms.,Jenna,D,Lester,"1781 Conifer Drive",Bellevue,WA,Washington,98004,US,"United States",JennaDLester@superrito.com,Weree1943,ahVahm7ee,"Mozilla/5.0 (Macintosh; Intel Mac OS X 10_13_6) AppleWebKit/537.36 (KHTML, like Gecko) Chrome/68.0.3440.106 Safari/537.36",425-452-2536,1,Daulton,1/16/1943,75,Capricorn,MasterCard,5246508758976513,352,11/2022,539-96-9033,"1Z 614 365 62 4699 848 2",2211918802,91933171,Blue,"Meter reader",Galyan's,"2011 Mazda Tribute",slavistics.com,AB+,168.3,76.5,"5' 2""",157,7361b138-4122-4d4f-8589-554172ee58f7,47.574609,-122.307864
42,male,American,Mr.,Jerry,B,Grimes,"1021 West Virginia Avenue",Delmar,NY,"New York",12054,US,"United States",JerryBGrimes@einrot.com,Sainat,eibohh2A,"Mozilla/5.0 (Macintosh; Intel Mac OS X 10_13_6) AppleWebKit/537.36 (KHTML, like Gecko) Chrome/69.0.3497.100 Safari/537.36",518-968-4322,1,Jennings,7/8/1937,81,Cancer,Visa,4716295072922407,873,10/2023,050-86-0484,"1Z 778 7Y0 11 8426 786 9",6017245361,08002310,Red,"Clerical specialist","Sports Town USA","2007 Renault Laguna",movilprestamo.com,AB+,138.2,62.8,"5' 5""",165,8f10b35d-4a6a-42f5-a41e-11ef8d5c6fed,42.58287,-73.904234
43,female,American,Mrs.,Laura,D,Savage,"2273 Holden Street","San Diego",CA,California,92107,US,"United States",LauraDSavage@dayrep.com,Niumor,AabapeLe2ien,"Mozilla/5.0 (Macintosh; Intel Mac OS X 10_13_6) AppleWebKit/537.36 (KHTML, like Gecko) Chrome/68.0.3440.106 Safari/537.36",619-221-5016,1,Allen,10/1/1950,67,Libra,MasterCard,5319014276487978,893,11/2022,566-29-2427,"1Z 330 314 17 3810 886 9",3680107854,12712752,Purple,Counselor,"New World Realty","2011 Renault Koleos",pgjmiranda.com,O+,169.2,76.9,"5' 1""",155,61b39168-ce2c-4d1f-b251-711fbc23dec8,32.777497,-117.313485
44,male,American,Mr.,Darryl,D,Day,"3870 Johnstown Road","Arlington Heights",IL,Illinois,60004,US,"United States",DarrylDDay@superrito.com,Camen1933,Ahwoh2ooyaph,"Mozilla/5.0 (iPad; CPU OS 11_4_1 like Mac OS X) AppleWebKit/605.1.15 (KHTML, like Gecko) Version/11.0 Mobile/15E148 Safari/604.1",847-452-1129,1,Beck,10/22/1933,84,Libra,MasterCard,5451756218345080,277,3/2022,346-07-6715,"1Z E84 Y82 37 2110 947 3",2636828608,97147116,Blue,"Material recording","Custom Sound","2009 Volvo C70",pauigba.com,A+,173.8,79.0,"6' 0""",182,a110f1c8-6288-4494-8389-8b57e364829b,42.157505,-87.887843
45,female,American,Mrs.,Penny,T,Robichaud,"4555 Yorkshire Circle",Greenville,NC,"North Carolina",27834,US,"United States",PennyTRobichaud@armyspy.com,Yount1958,aexuuTh6ote,"Mozilla/5.0 (Windows NT 10.0; Win64; x64) AppleWebKit/537.36 (KHTML, like Gecko) Chrome/68.0.3440.106 Safari/537.36",252-321-8931,1,Hymes,7/31/1958,60,Leo,Visa,4716790965951018,508,3/2021,246-98-8876,"1Z 227 597 17 8144 445 9",5287382472,21956857,Red,"Industrial relations manager","Cherry & Webb","1996 Acura RL",soricoidea.com,A+,146.5,66.6,"5' 2""",158,1ea5e857-deb5-4a93-b0ce-a0e28e24c6ab,35.73084,-77.211425
46,male,American,Mr.,Martin,M,Head,"587 Elk City Road",Shreveport,LA,Louisiana,71101,US,"United States",MartinMHead@dayrep.com,Squing,equa4eeLee,"Mozilla/5.0 (Windows NT 10.0; Win64; x64) AppleWebKit/537.36 (KHTML, like Gecko) Chrome/68.0.3440.106 Safari/537.36",318-213-3207,1,Casteel,11/28/1972,45,Sagittarius,Visa,4916025145204667,921,7/2021,660-12-8921,"1Z 35F 74Y 62 7351 020 2",8389670904,08475854,Green,"Attendance clerk","Country Club Markets","2002 Mercury Cougar",dontloseyourway.com,O-,149.8,68.1,"6' 2""",187,44229b45-b6d3-4674-b0ff-1a9815882ce8,32.601342,-93.674377
47,male,American,Mr.,Ronnie,M,Corral,"560 Memory Lane",Rockford,IL,Illinois,61101,US,"United States",RonnieMCorral@gustr.com,Madminge1973,eboad5Za1,"Mozilla/5.0 (Windows NT 10.0; Win64; x64) AppleWebKit/537.36 (KHTML, like Gecko) Chrome/68.0.3440.106 Safari/537.36",815-965-4875,1,Conrad,7/16/1973,45,Cancer,MasterCard,5200409103205787,639,4/2022,336-92-3808,"1Z 204 815 80 5462 291 3",6715832171,20829532,Blue,"Electronic technician","Standard Brands Paint Company","1998 Pontiac Bonneville",pbsreports.com,B+,211.2,96.0,"5' 11""",181,16224ef3-31fd-4032-8f25-cab12c185dcf,42.32986,-89.258581
48,male,American,Dr.,Arthur,M,Mosley,"3796 Railroad Street",Marquette,MI,Michigan,49855,US,"United States",ArthurMMosley@jourrapide.com,Youts1934,Joo5AeD4r,"Mozilla/5.0 (Windows NT 10.0; Win64; x64) AppleWebKit/537.36 (KHTML, like Gecko) Chrome/69.0.3497.100 Safari/537.36",906-284-0784,1,Smith,4/26/1934,84,Taurus,MasterCard,5227705811382498,577,1/2020,382-82-1501,"1Z 51V 8F2 25 9066 115 5",7629432794,65112872,Blue,"Fire inspector","Coon Chicken Inn","2001 Citroen C3",vitalestusalud.com,A+,140.8,64.0,"5' 7""",169,289fa998-88a5-47ca-ab84-36cd4a11eff9,46.551924,-87.484746
49,male,American,Mr.,Thanh,P,Beasley,"4821 Linden Avenue","Lake Buena Vista",FL,Florida,32830,US,"United States",ThanhPBeasley@gustr.com,Loores,aihohd8O,"Mozilla/5.0 (Windows NT 6.1; Win64; x64) AppleWebKit/537.36 (KHTML, like Gecko) Chrome/68.0.3440.106 Safari/537.36",407-566-5404,1,Apperson,5/17/1991,27,Taurus,Visa,4539210394945932,773,11/2021,263-74-3311,"1Z 85V 774 92 5909 196 1",1128526134,87446665,Blue,"Leasing consultant","Record Bar","1996 Ford Ranger",bestombre.com,O+,159.3,72.4,"6' 0""",182,252789f4-f699-4c31-9aab-aca8cc8ae414,28.322228,-81.439792
50,male,American,Mr.,Harry,G,Smith,"3426 Musgrave Street",Wewoka,OK,Oklahoma,74884,US,"United States",HarryGSmith@einrot.com,Ofterhaver,ohgheiNu4ai,"Mozilla/5.0 (Windows NT 6.1; Win64; x64; rv:61.0) Gecko/20100101 Firefox/61.0",405-257-1086,1,Hollingsworth,12/27/1940,77,Capricorn,Visa,4556530316234182,990,10/2019,441-14-2355,"1Z 600 977 15 4914 570 4",6047033225,56616665,Blue,"Harbor pilot",Ardan's,"1997 Ford Contour",shootfilmes.com,O+,206.1,93.7,"5' 9""",174,9bb00868-c97d-4405-9b2d-9ab59adf4787,35.111732,-96.557122
